cd_det,cd_stoch,cell,dose,dose_factor,l_int,ler,lwr,n_eff,se_blur,sigma_diff
32.86296564390396,34.40236963521981,0.0,1.3062456290800837,1.0,6.8063621158456,2.769710294048907,4.600625194700871,37.9613308549281,1.5,4.0
26.083923705653053,26.890068548223432,0.0,1.9593684436201255,1.5,6.613767983414265,1.7016630156351242,2.5078734776737894,39.405250258119175,1.5,4.0
32.86296564390396,38.096885870681625,2.0,1.3062456290800837,1.0,5.566146000360573,3.6661672861634305,6.162468469652932,46.40864401612952,1.5,4.0
26.083923705653053,29.436638890168837,2.0,1.9593684436201255,1.5,4.62810275735678,2.0082456114516174,2.9650163472216464,56.580386609093225,1.5,4.0
32.86296564390396,36.50004875545991,4.3,1.3062456290800837,1.0,6.620610917080751,2.961577287044713,4.849737551778505,39.03759040974191,1.5,4.0
26.083923705653053,28.551058202786784,4.3,1.9593684436201255,1.5,5.590077160061205,1.768260405269237,2.6308512144207277,46.614509215480425,1.5,4.0
32.77505872459969,34.19255001252219,0.0,1.3062456290800837,1.0,7.460227847814775,2.619970707265125,4.4089179980141555,34.73068501963223,2.5,4.0
25.785414546909454,26.557082795746734,0.0,1.9593684436201255,1.5,7.493573982897374,1.5656927720704554,2.3359979336393355,34.87644679579476,2.5,4.0
32.77505872459969,38.03363122389304,2.0,1.3062456290800837,1.0,5.972178850188115,3.5605710111667146,6.06567656407697,43.31604545592026,2.5,4.0
25.785414546909454,29.180546189818713,2.0,1.9593684436201255,1.5,5.128302308577634,1.91674389259629,2.8378513376790693,52.11682765933068,2.5,4.0
32.77505872459969,36.32344868204576,4.3,1.3062456290800837,1.0,7.019772207641208,2.805519281663142,4.647528358100911,36.83152857449722,2.5,4.0
25.785414546909454,28.24009085034801,4.3,1.9593684436201255,1.5,6.268614155534808,1.6350639670674387,2.4873436310778416,41.87915794812374,2.5,4.0
32.59405524214327,33.904017542658664,0.0,1.3062456290800837,1.0,9.184161165861173,2.421414833154061,4.16810654031223,28.81259623403462,4.0,4.0
25.09084523665022,25.82675092159503,0.0,1.9593684436201255,1.5,9.418842450463906,1.3667624759554453,2.088083675371428,27.772028077179403,4.0,4.0
32.59405524214327,38.025988067695536,2.0,1.3062456290800837,1.0,6.498663347265126,3.441369801140247,5.88148782294703,39.90662355017137,4.0,4.0
25.09084523665022,28.506713987803707,2.0,1.9593684436201255,1.5,5.652049774902801,1.8134450238227262,2.735368679410072,47.02749974406264,4.0,4.0
32.59405524214327,36.14370084666717,4.3,1.3062456290800837,1.0,7.906107967709182,2.62416916662686,4.388536283395146,32.73937875960371,4.0,4.0
25.09084523665022,27.594339050502775,4.3,1.9593684436201255,1.5,7.404824321920963,1.4828718104453813,2.2774700263677428,35.95987317530149,4.0,4.0
31.984937266326213,33.45023402810881,0.0,1.3062456290800837,1.0,12.718580125781688,2.062563010297639,3.5975496721857887,20.926511914297613,1.5,8.0
22.749164420527112,23.535832450067662,0.0,1.9593684436201255,1.5,13.510877553735412,1.1731000259397522,1.8726539109289486,19.305629255571993,1.5,8.0
31.984937266326213,38.95098307462665,2.0,1.3062456290800837,1.0,8.030790455326988,3.7338279726835655,6.5477490697867875,32.491497204347446,1.5,8.0
22.749164420527112,26.746635839591274,2.0,1.9593684436201255,1.5,6.404461592433222,1.7924580196719566,2.7846646948229195,41.42035667546949,1.5,8.0
31.984937266326213,36.230986275001136,4.3,1.3062456290800837,1.0,10.4554067575707,2.5715416952583654,4.470676893136343,25.76060661794157,1.5,8.0
22.749164420527112,25.716273029442483,4.3,1.9593684436201255,1.5,9.798926488865153,1.358261368392558,2.1198240183495622,28.17531406268386,1.5,8.0
31.978174705798075,33.434020966190715,0.0,1.3062456290800837,1.0,12.999073098478718,2.0656840554595792,3.6201966807263632,20.519992613987625,2.5,8.0
22.523167658582448,23.31233492991762,0.0,1.9593684436201255,1.5,13.848019209818522,1.1636032779229064,1.8536795838160476,18.85578059966926,2.5,8.0
31.978174705798075,39.08171914701835,2.0,1.3062456290800837,1.0,8.121887282023362,3.7713176568964197,6.603594634609587,32.29812866901048,2.5,8.0
22.523167658582448,26.549476349162017,2.0,1.9593684436201255,1.5,6.449031710557994,1.799194934795516,2.777431298295711,41.29411116609427,2.5,8.0
31.978174705798075,36.253556162851844,4.3,1.3062456290800837,1.0,10.70384910913139,2.5926778836742193,4.519053346356432,25.31367941983757,2.5,8.0
22.523167658582448,25.484389936683794,4.3,1.9593684436201255,1.5,9.906010869612071,1.3650894011286017,2.1423723827115477,27.68935266639957,2.5,8.0
31.991839867510805,33.505173398276874,0.0,1.3062456290800837,1.0,13.554249847200394,2.114214337543929,3.7595202172151145,19.773158810215246,4.0,8.0
21.98738651322068,22.75630981327495,0.0,1.9593684436201255,1.5,14.471990297311645,1.1457218066644137,1.8428702160088033,18.03388657072402,4.0,8.0
31.991839867510805,39.56468415962039,2.0,1.3062456290800837,1.0,8.382777448327804,3.9538741150251795,6.982878004894841,31.916225518162268,4.0,8.0
21.98738651322068,26.127537897363062,2.0,1.9593684436201255,1.5,6.236891935555766,1.8194252401175284,2.804359318215513,42.68128872864975,4.0,8.0
31.991839867510805,36.43274381888996,4.3,1.3062456290800837,1.0,11.220093886198255,2.676690672057431,4.717355785340873,24.428613551875777,4.0,8.0
21.98738651322068,24.96997399798903,4.3,1.9593684436201255,1.5,10.2501482435982,1.3726287639041304,2.1661140322425307,26.616119736875987,4.0,8.0
32.69620604637742,35.53122651090129,0.0,1.3062456290800837,1.0,15.969736692297097,3.460558428973954,6.714246083994649,17.806108190091965,1.5,12.0
18.17130953985769,19.025315619188085,0.0,1.9593684436201255,1.5,18.806809345200005,1.2346697165795528,2.211209431531045,13.920156725206484,1.5,12.0
32.69620604637742,46.06760106422626,2.0,1.3062456290800837,1.0,8.734886978242331,5.109667823717096,9.220546835842281,31.231363394856366,1.5,12.0
18.17130953985769,23.588004977478093,2.0,1.9593684436201255,1.5,6.397452626721826,2.2352917533688292,3.497015949801053,40.966153697307995,1.5,12.0
32.69620604637742,39.39684856156977,4.3,1.3062456290800837,1.0,12.930542852448827,3.670958693554417,6.704767951484884,21.95104852758892,1.5,12.0
18.17130953985769,22.010160560318532,4.3,1.9593684436201255,1.5,10.525170981662148,1.6075413454279404,2.5409248040232946,25.509212308111106,1.5,12.0
32.824129856450234,35.668512976967165,0.0,1.3062456290800837,1.0,16.15516696381711,3.4963051464015447,6.793109212349598,17.59554688514995,2.5,12.0
17.947413227506754,18.76325416082819,0.0,1.9593684436201255,1.5,19.21003305851134,1.253176023216179,2.2590595154190454,13.639383651427348,2.5,12.0
32.824129856450234,46.494916788901676,2.0,1.3062456290800837,1.0,8.92209368465654,5.138076579770599,9.306436035259384,30.650466339071038,2.5,12.0
17.947413227506754,23.398161354113647,2.0,1.9593684436201255,1.5,6.426272297422239,2.266168024031201,3.5578452764333424,40.79856766140204,2.5,12.0
32.824129856450234,39.60332436088321,4.3,1.3062456290800837,1.0,12.889683788758715,3.7096178468128875,6.767655443524226,22.069955571967554,2.5,12.0
17.947413227506754,21.79188399886042,4.3,1.9593684436201255,1.5,10.665639063293185,1.6401421728065826,2.590193246252477,25.07621013395792,2.5,12.0
33.19578122549723,36.17960977411887,0.0,1.3062456290800837,1.0,16.560433975776547,3.5985658212020906,7.013824426174262,17.196221210539388,4.0,12.0
17.38244818395154,18.144467332076083,0.0,1.9593684436201255,1.5,20.014120358827338,1.2941968886649855,2.3410547093179748,13.107578822088417,4.0,12.0
33.19578122549723,47.805043679342155,2.0,1.3062456290800837,1.0,8.71629455146476,5.156839475284889,9.348537877030111,31.740448123263207,4.0,12.0
17.38244818395154,23.02411706387921,2.0,1.9593684436201255,1.5,5.930885321862202,2.338721646756836,3.661312310120196,44.444465859027645,4.0,12.0
33.19578122549723,40.383885510984825,4.3,1.3062456290800837,1.0,12.893792364382355,3.8695902934365485,7.033368828134211,22.036847825020452,4.0,12.0
17.38244818395154,21.320723274605136,4.3,1.9593684436201255,1.5,10.806595144536068,1.713769509851005,2.718754536199903,24.621156903167705,4.0,12.0
